{
  "$id": "https://example.com/address.schema.json",
  "$schema": "http://json-schema.org/draft-07/schema#",
  "title": "find",
  "description": "find request/response",
  "type": "object",
  "properties": {
    "requestType": {
      "description":"the TIP object type should be locations",
      "type":"string",
      "pattern":"^find$"
    },
    "match": {
      "description":"an alphanumeric pattern used to find geographic locations.",
      "type":"string"
    },
    "limit": {
      "description":"the maximum number of matching places that may be returned.",
      "type":"integer",
      "minimum":0
    }
  },
  "required": ["requestType", "match", "limit"],
  "additionalProperties": false
}